chrV.DBV	140330	A
chrVIII.DBV	324385	A
chrVIII.DBV	325439	T
chrVIII.DBV	328113	G
chrVIII.DBV	334979	T
chrVIII.DBV	336067	G
chrVIII.DBV	336571	A
chrVIII.DBV	338350	C
chrVIII.DBV	338846	A
chrVIII.DBV	342506	A
chrVIII.DBV	344646	C
chrVIII.DBV	345560	A
chrVIII.DBV	345995	C
chrVIII.DBV	346889	C
chrVIII.DBV	347132	C
chrVIII.DBV	393492	G
chrVIII.DBV	394044	G
chrVIII.DBV	395859	A
chrVIII.DBV	396311	T
chrVIII.DBV	399325	G
chrVIII.DBV	399853	C
chrVIII.DBV	400770	T
chrVIII.DBV	404621	C
chrVIII.DBV	407079	T
chrVIII.DBV	407752	T
chrVIII.DBV	410228	A
chrVIII.DBV	412224	A
chrVIII.DBV	412532	G
chrVIII.DBV	415038	A
chrVIII.DBV	415491	T
chrVIII.DBV	416054	G
chrVIII.DBV	416482	G
chrVIII.DBV	416739	T
chrX.DBV	599239	A
